input_file,input_size_bytes,protocol,window,impairment_path,probability,elapsed_ms,frames_sent,retransmissions,acks_received,timeouts,unique_payload_bytes,transmitted_frame_bytes,efficiency,goodput_bytes_per_second
input.txt,537,stop-and-wait,1,baseline,0.0,1.88437,12,0,12,0,537,756,0.710317,284975.881
input.txt,537,stop-and-wait,1,data-error,0.1,43.4038,13,1,12,1,537,819,0.655678,12372.189
input.txt,537,stop-and-wait,1,data-error,0.2,93.0558,15,3,12,3,537,945,0.568254,5770.731
input.txt,537,stop-and-wait,1,data-error,0.3,849.737,19,7,12,7,537,1197,0.448622,631.96
input.txt,537,stop-and-wait,1,data-error,0.4,1730.03,21,9,12,9,537,1323,0.405896,310.399
input.txt,537,stop-and-wait,1,data-error,0.5,961.013,24,12,12,12,537,1512,0.355159,558.785
input.txt,537,stop-and-wait,1,data-loss,0.1,73.668,15,3,12,3,537,945,0.568254,7289.461
input.txt,537,stop-and-wait,1,data-loss,0.2,23.5126,13,1,12,1,537,819,0.655678,22838.818
input.txt,537,stop-and-wait,1,data-loss,0.3,123.936,17,5,12,5,537,1071,0.501401,4332.881
input.txt,537,stop-and-wait,1,data-loss,0.4,186.401,19,7,12,7,537,1197,0.448622,2880.886
input.txt,537,stop-and-wait,1,data-loss,0.5,1237.35,27,15,12,15,537,1701,0.315697,433.992
input.txt,537,stop-and-wait,1,ack-error,0.1,1.75473,12,0,12,0,537,756,0.710317,306029.988
input.txt,537,stop-and-wait,1,ack-error,0.2,1.81429,17,0,12,0,537,1071,0.501401,295983.553
input.txt,537,stop-and-wait,1,ack-error,0.3,8.2175,23,0,12,0,537,1449,0.3706,65348.342
input.txt,537,stop-and-wait,1,ack-error,0.4,1.96931,22,0,12,0,537,1386,0.387446,272684.341
input.txt,537,stop-and-wait,1,ack-error,0.5,6.31307,20,0,12,0,537,1260,0.42619,85061.626
input.txt,537,stop-and-wait,1,ack-loss,0.1,419.226,15,3,12,3,537,945,0.568254,1280.932
input.txt,537,stop-and-wait,1,ack-loss,0.2,1.57607,12,0,12,0,537,756,0.710317,340720.907
input.txt,537,stop-and-wait,1,ack-loss,0.3,572.047,22,10,12,10,537,1386,0.387446,938.734
input.txt,537,stop-and-wait,1,ack-loss,0.4,989.039,27,15,12,15,537,1701,0.315697,542.951
input.txt,537,stop-and-wait,1,ack-loss,0.5,211.525,19,7,12,7,537,1197,0.448622,2538.707
input.txt,537,go-back-n,8,baseline,0.0,43.5573,16,4,12,1,537,1008,0.532738,12328.588
input.txt,537,go-back-n,8,data-error,0.1,69.5543,27,15,12,3,537,1701,0.315697,7720.587
input.txt,537,go-back-n,8,data-error,0.2,70.2753,26,14,12,3,537,1638,0.327839,7641.376
input.txt,537,go-back-n,8,data-error,0.3,565.634,76,64,12,10,537,4788,0.112155,949.377
input.txt,537,go-back-n,8,data-error,0.4,417.746,40,28,12,5,537,2520,0.213095,1285.47
input.txt,537,go-back-n,8,data-error,0.5,1035.17,86,74,12,15,537,5418,0.099114,518.755
input.txt,537,go-back-n,8,data-loss,0.1,49.1911,21,9,12,2,537,1323,0.405896,10916.609
input.txt,537,go-back-n,8,data-loss,0.2,69.9167,16,4,12,2,537,1008,0.532738,7680.568
input.txt,537,go-back-n,8,data-loss,0.3,291.112,70,58,12,12,537,4410,0.121769,1844.651
input.txt,537,go-back-n,8,data-loss,0.4,124.944,39,27,12,5,537,2457,0.218559,4297.925
input.txt,537,go-back-n,8,data-loss,0.5,921.626,91,79,12,13,537,5733,0.093668,582.666
input.txt,537,go-back-n,8,ack-error,0.1,44.5751,17,5,12,1,537,1071,0.501401,12047.085
input.txt,537,go-back-n,8,ack-error,0.2,45.6106,19,7,8,1,537,1197,0.448622,11773.579
input.txt,537,go-back-n,8,ack-error,0.3,41.7485,18,6,6,1,537,1134,0.473545,12862.738
input.txt,537,go-back-n,8,ack-error,0.4,42.0787,17,5,10,1,537,1071,0.501401,12761.801
input.txt,537,go-back-n,8,ack-error,0.5,86.9135,24,12,9,2,537,1512,0.355159,6178.557
input.txt,537,go-back-n,8,ack-loss,0.1,44.158,16,4,9,1,537,1008,0.532738,12160.877
input.txt,537,go-back-n,8,ack-loss,0.2,46.3187,19,7,12,1,537,1197,0.448622,11593.59
input.txt,537,go-back-n,8,ack-loss,0.3,46.4319,16,4,4,1,537,1008,0.532738,11565.325
input.txt,537,go-back-n,8,ack-loss,0.4,40.8517,16,4,3,1,537,1008,0.532738,13145.108
input.txt,537,go-back-n,8,ack-loss,0.5,45.0925,18,6,8,1,537,1134,0.473545,11908.854
input.txt,537,selective-repeat,8,baseline,0.0,69.7527,21,9,12,2,537,1323,0.405896,7698.627
input.txt,537,selective-repeat,8,data-error,0.1,23.0976,15,3,12,1,537,945,0.568254,23249.169
input.txt,537,selective-repeat,8,data-error,0.2,50.7398,16,4,12,2,537,1008,0.532738,10583.408
input.txt,537,selective-repeat,8,data-error,0.3,73.928,19,7,12,3,537,1197,0.448622,7263.824
input.txt,537,selective-repeat,8,data-error,0.4,112.082,21,9,12,3,537,1323,0.405896,4791.135
input.txt,537,selective-repeat,8,data-error,0.5,208.551,33,21,12,5,537,2079,0.258297,2574.91
input.txt,537,selective-repeat,8,data-loss,0.1,47.0567,16,4,12,2,537,1008,0.532738,11411.765
input.txt,537,selective-repeat,8,data-loss,0.2,22.2141,14,2,12,1,537,882,0.608844,24173.836
input.txt,537,selective-repeat,8,data-loss,0.3,46.9595,17,5,12,2,537,1071,0.501401,11435.386
input.txt,537,selective-repeat,8,data-loss,0.4,142.26,23,11,12,5,537,1449,0.3706,3774.779
input.txt,537,selective-repeat,8,data-loss,0.5,139.496,27,15,12,5,537,1701,0.315697,3849.573
input.txt,537,selective-repeat,8,ack-error,0.1,25.9819,14,2,12,1,537,882,0.608844,20668.234
input.txt,537,selective-repeat,8,ack-error,0.2,70.4432,18,6,12,3,537,1134,0.473545,7623.163
input.txt,537,selective-repeat,8,ack-error,0.3,97.2209,25,13,12,4,537,1575,0.340952,5523.504
input.txt,537,selective-repeat,8,ack-error,0.4,88.8806,31,19,12,2,537,1953,0.274962,6041.813
input.txt,537,selective-repeat,8,ack-error,0.5,177.465,41,29,12,4,537,2583,0.207898,3025.949
input.txt,537,selective-repeat,8,ack-loss,0.1,94.0946,22,10,12,3,537,1386,0.387446,5707.023
input.txt,537,selective-repeat,8,ack-loss,0.2,21.893,14,2,12,1,537,882,0.608844,24528.388
input.txt,537,selective-repeat,8,ack-loss,0.3,91.5712,30,18,12,3,537,1890,0.284127,5864.289
input.txt,537,selective-repeat,8,ack-loss,0.4,121.85,34,22,12,4,537,2142,0.2507,4407.058
input.txt,537,selective-repeat,8,ack-loss,0.5,87.7198,26,14,12,2,537,1638,0.327839,6121.765
medium.bin,1200,stop-and-wait,1,baseline,0.0,5.20298,27,0,27,0,1200,1701,0.705467,230637.058
medium.bin,1200,stop-and-wait,1,data-error,0.1,98.4745,34,3,27,3,1200,2142,0.560224,12185.896
medium.bin,1200,stop-and-wait,1,data-error,0.2,253.732,34,7,27,7,1200,2142,0.560224,4729.4
medium.bin,1200,stop-and-wait,1,data-error,0.3,516.512,41,14,27,14,1200,2583,0.464576,2323.276
medium.bin,1200,stop-and-wait,1,data-error,0.4,535.856,41,14,27,14,1200,2583,0.464576,2239.408
medium.bin,1200,stop-and-wait,1,data-error,0.5,772.102,43,16,27,16,1200,2709,0.442968,1554.199
medium.bin,1200,stop-and-wait,1,data-loss,0.1,48.2989,29,2,27,2,1200,1827,0.656814,24845.286
medium.bin,1200,stop-and-wait,1,data-loss,0.2,32.1537,28,1,27,1,1200,1764,0.680272,37320.744
medium.bin,1200,stop-and-wait,1,data-loss,0.3,575.884,38,11,27,11,1200,2394,0.501253,2083.753
medium.bin,1200,stop-and-wait,1,data-loss,0.4,342.577,41,14,27,14,1200,2583,0.464576,3502.862
medium.bin,1200,stop-and-wait,1,data-loss,0.5,626.866,53,26,27,26,1200,3339,0.359389,1914.285
medium.bin,1200,stop-and-wait,1,ack-error,0.1,2.56358,30,0,27,0,1200,1890,0.634921,468095.398
medium.bin,1200,stop-and-wait,1,ack-error,0.2,8.21362,35,0,27,0,1200,2205,0.544218,146098.797
medium.bin,1200,stop-and-wait,1,ack-error,0.3,3.18732,38,0,27,0,1200,2394,0.501253,376491.849
medium.bin,1200,stop-and-wait,1,ack-error,0.4,2.89738,41,0,27,0,1200,2583,0.464576,414167.282
medium.bin,1200,stop-and-wait,1,ack-error,0.5,3.306,46,0,27,0,1200,2898,0.414079,362976.407
medium.bin,1200,stop-and-wait,1,ack-loss,0.1,265.562,33,6,27,6,1200,2079,0.577201,4518.719
medium.bin,1200,stop-and-wait,1,ack-loss,0.2,143.142,31,4,27,4,1200,1953,0.614439,8383.284
medium.bin,1200,stop-and-wait,1,ack-loss,0.3,645.608,48,21,27,21,1200,3024,0.396825,1858.713
medium.bin,1200,stop-and-wait,1,ack-loss,0.4,1217.37,46,19,27,19,1200,2898,0.414079,985.732
medium.bin,1200,stop-and-wait,1,ack-loss,0.5,741.559,56,28,27,28,1200,3528,0.340136,1618.212
medium.bin,1200,go-back-n,8,baseline,0.0,24.6929,28,1,27,1,1200,1764,0.680272,48596.965
medium.bin,1200,go-back-n,8,data-error,0.1,120.803,60,33,27,5,1200,3780,0.31746,9933.528
medium.bin,1200,go-back-n,8,data-error,0.2,436.848,123,96,27,13,1200,7749,0.154859,2746.951
medium.bin,1200,go-back-n,8,data-error,0.3,477.925,157,130,27,18,1200,9891,0.121322,2510.854
medium.bin,1200,go-back-n,8,data-error,0.4,512.889,145,118,27,18,1200,9135,0.131363,2339.688
medium.bin,1200,go-back-n,8,data-error,0.5,2176.4,184,157,27,25,1200,11592,0.10352,551.369
medium.bin,1200,go-back-n,8,data-loss,0.1,73.8112,43,16,27,3,1200,2709,0.442968,16257.695
medium.bin,1200,go-back-n,8,data-loss,0.2,70.3781,47,20,27,3,1200,2961,0.405268,17050.759
medium.bin,1200,go-back-n,8,data-loss,0.3,625.974,116,89,27,13,1200,7308,0.164204,1917.013
medium.bin,1200,go-back-n,8,data-loss,0.4,501.076,150,123,27,20,1200,9450,0.126984,2394.846
medium.bin,1200,go-back-n,8,data-loss,0.5,865.859,297,270,27,36,1200,18711,0.064133,1385.907
medium.bin,1200,go-back-n,8,ack-error,0.1,24.8044,28,1,24,1,1200,1764,0.680272,48378.513
medium.bin,1200,go-back-n,8,ack-error,0.2,23.6492,29,2,22,1,1200,1827,0.656814,50741.674
medium.bin,1200,go-back-n,8,ack-error,0.3,165.059,59,32,21,4,1200,3717,0.322841,7270.128
medium.bin,1200,go-back-n,8,ack-error,0.4,22.1798,30,3,18,1,1200,1890,0.634921,54103.283
medium.bin,1200,go-back-n,8,ack-error,0.5,71.2849,46,19,16,3,1200,2898,0.414079,16833.86
medium.bin,1200,go-back-n,8,ack-loss,0.1,166.078,57,30,23,4,1200,3591,0.334169,7225.521
medium.bin,1200,go-back-n,8,ack-loss,0.2,21.0738,31,4,24,1,1200,1953,0.614439,56942.744
medium.bin,1200,go-back-n,8,ack-loss,0.3,85.3798,38,11,15,2,1200,2394,0.501253,14054.847
medium.bin,1200,go-back-n,8,ack-loss,0.4,130.786,51,24,16,3,1200,3213,0.373483,9175.294
medium.bin,1200,go-back-n,8,ack-loss,0.5,133.39,49,22,12,3,1200,3087,0.388727,8996.177
medium.bin,1200,selective-repeat,8,baseline,0.0,25.6683,30,3,27,1,1200,1890,0.634921,46750.272
medium.bin,1200,selective-repeat,8,data-error,0.1,48.2987,31,4,27,2,1200,1953,0.614439,24845.389
medium.bin,1200,selective-repeat,8,data-error,0.2,209.757,64,37,27,6,1200,4032,0.297619,5720.906
medium.bin,1200,selective-repeat,8,data-error,0.3,150.657,58,31,27,6,1200,3654,0.328407,7965.113
medium.bin,1200,selective-repeat,8,data-error,0.4,291.539,69,42,27,8,1200,4347,0.276052,4116.087
medium.bin,1200,selective-repeat,8,data-error,0.5,186.627,53,26,27,7,1200,3339,0.359389,6429.938
medium.bin,1200,selective-repeat,8,data-loss,0.1,23.7461,33,6,27,1,1200,2079,0.577201,50534.614
medium.bin,1200,selective-repeat,8,data-loss,0.2,26.6714,32,5,27,1,1200,2016,0.595238,44992.014
medium.bin,1200,selective-repeat,8,data-loss,0.3,146.166,46,19,27,6,1200,2898,0.414079,8209.844
medium.bin,1200,selective-repeat,8,data-loss,0.4,154.152,47,20,27,6,1200,2961,0.405268,7784.524
medium.bin,1200,selective-repeat,8,data-loss,0.5,285.872,59,32,27,11,1200,3717,0.322841,4197.683
medium.bin,1200,selective-repeat,8,ack-error,0.1,93.9719,49,22,27,3,1200,3087,0.388727,12769.775
medium.bin,1200,selective-repeat,8,ack-error,0.2,290.471,51,24,27,12,1200,3213,0.373483,4131.221
medium.bin,1200,selective-repeat,8,ack-error,0.3,222.687,92,65,27,6,1200,5796,0.207039,5388.729
medium.bin,1200,selective-repeat,8,ack-error,0.4,166.356,53,26,27,7,1200,3339,0.359389,7213.446
medium.bin,1200,selective-repeat,8,ack-error,0.5,372.555,100,73,27,12,1200,6300,0.190476,3221.001
medium.bin,1200,selective-repeat,8,ack-loss,0.1,133.811,58,31,27,4,1200,3654,0.328407,8967.873
medium.bin,1200,selective-repeat,8,ack-loss,0.2,142.333,52,25,27,4,1200,3276,0.3663,8430.933
medium.bin,1200,selective-repeat,8,ack-loss,0.3,160.957,55,28,27,5,1200,3465,0.34632,7455.407
medium.bin,1200,selective-repeat,8,ack-loss,0.4,234.118,58,31,27,9,1200,3654,0.328407,5125.62
medium.bin,1200,selective-repeat,8,ack-loss,0.5,230.816,59,32,27,7,1200,3717,0.322841,5198.946
tiny.txt,47,stop-and-wait,1,baseline,0.0,0.340127,2,0,2,0,47,126,0.373016,138183.678
tiny.txt,47,stop-and-wait,1,data-error,0.1,0.334211,2,0,2,0,47,126,0.373016,140629.722
tiny.txt,47,stop-and-wait,1,data-error,0.2,315.815,3,1,2,1,47,189,0.248677,148.821
tiny.txt,47,stop-and-wait,1,data-error,0.3,303.305,3,1,2,1,47,189,0.248677,154.96
tiny.txt,47,stop-and-wait,1,data-error,0.4,1314.18,7,5,2,5,47,441,0.106576,35.764
tiny.txt,47,stop-and-wait,1,data-error,0.5,321.27,3,1,2,1,47,189,0.248677,146.294
tiny.txt,47,stop-and-wait,1,data-loss,0.1,0.343826,2,0,2,0,47,126,0.373016,136697.05
tiny.txt,47,stop-and-wait,1,data-loss,0.2,0.358257,2,0,2,0,47,126,0.373016,131190.737
tiny.txt,47,stop-and-wait,1,data-loss,0.3,24.8412,3,1,2,1,47,189,0.248677,1892.018
tiny.txt,47,stop-and-wait,1,data-loss,0.4,28.4709,3,1,2,1,47,189,0.248677,1650.808
tiny.txt,47,stop-and-wait,1,data-loss,0.5,22.0174,3,1,2,1,47,189,0.248677,2134.675
tiny.txt,47,stop-and-wait,1,ack-error,0.1,1.75435,2,0,2,0,47,126,0.373016,26790.549
tiny.txt,47,stop-and-wait,1,ack-error,0.2,1.19521,2,0,2,0,47,126,0.373016,39323.634
tiny.txt,47,stop-and-wait,1,ack-error,0.3,0.394754,3,0,2,0,47,189,0.248677,119061.491
tiny.txt,47,stop-and-wait,1,ack-error,0.4,0.33109,2,0,2,0,47,126,0.373016,141955.36
tiny.txt,47,stop-and-wait,1,ack-error,0.5,1.17542,8,0,2,0,47,504,0.093254,39985.707
tiny.txt,47,stop-and-wait,1,ack-loss,0.1,317.279,3,1,2,1,47,189,0.248677,148.135
tiny.txt,47,stop-and-wait,1,ack-loss,0.2,1.93435,2,0,2,0,47,126,0.373016,24297.568
tiny.txt,47,stop-and-wait,1,ack-loss,0.3,0.561807,2,0,2,0,47,126,0.373016,83658.623
tiny.txt,47,stop-and-wait,1,ack-loss,0.4,0.412372,2,0,2,0,47,126,0.373016,113974.761
tiny.txt,47,stop-and-wait,1,ack-loss,0.5,322.19,3,1,2,1,47,189,0.248677,145.877
tiny.txt,47,go-back-n,8,baseline,0.0,0.392021,2,0,2,0,47,126,0.373016,119891.536
tiny.txt,47,go-back-n,8,data-error,0.1,1.0713,2,0,2,0,47,126,0.373016,43871.931
tiny.txt,47,go-back-n,8,data-error,0.2,313.483,4,2,2,1,47,252,0.186508,149.928
tiny.txt,47,go-back-n,8,data-error,0.3,307.795,4,2,2,1,47,252,0.186508,152.699
tiny.txt,47,go-back-n,8,data-error,0.4,649.055,7,5,2,3,47,441,0.106576,72.413
tiny.txt,47,go-back-n,8,data-error,0.5,380.647,6,4,2,3,47,378,0.124339,123.474
tiny.txt,47,go-back-n,8,data-loss,0.1,0.296745,2,0,2,0,47,126,0.373016,158385.145
tiny.txt,47,go-back-n,8,data-loss,0.2,1.34211,2,0,2,0,47,126,0.373016,35019.484
tiny.txt,47,go-back-n,8,data-loss,0.3,25.4949,3,1,2,1,47,189,0.248677,1843.506
tiny.txt,47,go-back-n,8,data-loss,0.4,26.0792,3,1,2,1,47,189,0.248677,1802.203
tiny.txt,47,go-back-n,8,data-loss,0.5,22.2999,3,1,2,1,47,189,0.248677,2107.633
tiny.txt,47,go-back-n,8,ack-error,0.1,1.58593,2,0,2,0,47,126,0.373016,29635.608
tiny.txt,47,go-back-n,8,ack-error,0.2,0.997,2,0,2,0,47,126,0.373016,47141.424
tiny.txt,47,go-back-n,8,ack-error,0.3,0.466017,2,0,1,0,47,126,0.373016,100854.69
tiny.txt,47,go-back-n,8,ack-error,0.4,0.268317,2,0,2,0,47,126,0.373016,175165.942
tiny.txt,47,go-back-n,8,ack-error,0.5,320.024,4,2,1,1,47,252,0.186508,146.864
tiny.txt,47,go-back-n,8,ack-loss,0.1,0.565403,2,0,1,0,47,126,0.373016,83126.549
tiny.txt,47,go-back-n,8,ack-loss,0.2,0.520589,2,0,2,0,47,126,0.373016,90282.353
tiny.txt,47,go-back-n,8,ack-loss,0.3,0.325835,2,0,2,0,47,126,0.373016,144244.786
tiny.txt,47,go-back-n,8,ack-loss,0.4,1.66335,2,0,2,0,47,126,0.373016,28256.23
tiny.txt,47,go-back-n,8,ack-loss,0.5,0.279157,2,0,1,0,47,126,0.373016,168364.039
tiny.txt,47,selective-repeat,8,baseline,0.0,0.654072,2,0,2,0,47,126,0.373016,71857.533
tiny.txt,47,selective-repeat,8,data-error,0.1,1.61003,2,0,2,0,47,126,0.373016,29192.003
tiny.txt,47,selective-repeat,8,data-error,0.2,26.2986,3,1,2,1,47,189,0.248677,1787.167
tiny.txt,47,selective-repeat,8,data-error,0.3,22.3658,3,1,2,1,47,189,0.248677,2101.423
tiny.txt,47,selective-repeat,8,data-error,0.4,663.335,7,5,2,3,47,441,0.106576,70.854
tiny.txt,47,selective-repeat,8,data-error,0.5,25.6325,3,1,2,1,47,189,0.248677,1833.61
tiny.txt,47,selective-repeat,8,data-loss,0.1,0.340998,2,0,2,0,47,126,0.373016,137830.72
tiny.txt,47,selective-repeat,8,data-loss,0.2,1.40398,2,0,2,0,47,126,0.373016,33476.26
tiny.txt,47,selective-repeat,8,data-loss,0.3,27.8278,3,1,2,1,47,189,0.248677,1688.959
tiny.txt,47,selective-repeat,8,data-loss,0.4,23.1074,3,1,2,1,47,189,0.248677,2033.98
tiny.txt,47,selective-repeat,8,data-loss,0.5,26.2528,3,1,2,1,47,189,0.248677,1790.285
tiny.txt,47,selective-repeat,8,ack-error,0.1,0.299756,2,0,2,0,47,126,0.373016,156794.193
tiny.txt,47,selective-repeat,8,ack-error,0.2,0.883869,2,0,2,0,47,126,0.373016,53175.301
tiny.txt,47,selective-repeat,8,ack-error,0.3,23.4049,3,1,2,1,47,189,0.248677,2008.127
tiny.txt,47,selective-repeat,8,ack-error,0.4,0.303967,2,0,2,0,47,126,0.373016,154622.048
tiny.txt,47,selective-repeat,8,ack-error,0.5,423.2,8,6,2,5,47,504,0.093254,111.059
tiny.txt,47,selective-repeat,8,ack-loss,0.1,23.738,3,1,2,1,47,189,0.248677,1979.948
tiny.txt,47,selective-repeat,8,ack-loss,0.2,1.41715,2,0,2,0,47,126,0.373016,33165.155
tiny.txt,47,selective-repeat,8,ack-loss,0.3,0.32257,2,0,2,0,47,126,0.373016,145704.808
tiny.txt,47,selective-repeat,8,ack-loss,0.4,1.35857,2,0,2,0,47,126,0.373016,34595.199
tiny.txt,47,selective-repeat,8,ack-loss,0.5,23.2584,3,1,2,1,47,189,0.248677,2020.775
